sha256,company,report_category,report_period,reason
f69654ddfcf66656e2bae9cae10304310421caa399dbe4fa7b759a1813d6f247,Intel Corporation,年报,2025,PDF页脚或内嵌链接包含原设备绝对路径；隔离不上传，原文件未修改
521e1342c7c1bd94163d8c21ce8eeca6cd066065c5d4919b562eadb6015b554c,Coherent Corp.,年报,2025,PDF页脚或内嵌链接包含原设备绝对路径；隔离不上传，原文件未修改
30193c0eb651d021c467d81712b53eab5a28760ee7aeb56827c98545fb3f2323,Ciena Corporation,年报,2025,PDF页脚或内嵌链接包含原设备绝对路径；隔离不上传，原文件未修改
202d49d6eb3df3427e00779cad276b0a08d1a7361550431503614b0ba634eb6e,"Cisco Systems, Inc.",年报,2025,PDF页脚或内嵌链接包含原设备绝对路径；隔离不上传，原文件未修改
ced3a2ae9adac6525e425962409ed5494178d247af35e705990fa34613bddc69,Nokia Corporation,年报,2025,PDF页脚或内嵌链接包含原设备绝对路径；隔离不上传，原文件未修改
04fba0faf0e7888ea8bf02f6f0fa2198303b76c702e6e498abe057556b9ab778,Lumentum Holdings Inc.,年报,2025,PDF页脚或内嵌链接包含原设备绝对路径；隔离不上传，原文件未修改
84cfeab517970d23838da3318adf8c42155aab26da5bd38599a5f24c0c166f5f,"Applied Optoelectronics, Inc.",年报,2025,PDF页脚或内嵌链接包含原设备绝对路径；隔离不上传，原文件未修改
9df60681b79c1b14283a4e315483757afa5da4feebe0715d2d015f0054be3fd8,"Marvell Technology, Inc.",年报,2026,PDF页脚或内嵌链接包含原设备绝对路径；隔离不上传，原文件未修改
e99cf6afb10a39ea80338e434cad36be37f2d68e1cd020884178ac8ee160ee70,Fabrinet,年报,2025,PDF页脚或内嵌链接包含原设备绝对路径；隔离不上传，原文件未修改
4cc49faa0092bbc031a051cd802ced477e2db2327d173892e9a453d0412407ea,Broadcom Inc.,年报,2025,PDF页脚或内嵌链接包含原设备绝对路径；隔离不上传，原文件未修改
